continent,mean_life_exp,n_countries
Africa,54.80603846153846,52
Americas,73.60812,25
Asia,70.72848484848485,33
Europe,77.6486,30
Oceania,80.7195,2
